,Apéro Label Tote Bag - Navy,200000,https://www.aperolabel.com//products/apero-label-tote-bag-navy.js
,Apéro Homme Stripe Monogram Tee - Navy / White,680000,https://www.aperolabel.com//products/apero-homme-stripe-monogram-tee-navy-white.js
,Apéro Homme Embroidered Tee - Black,680000,https://www.aperolabel.com//products/apero-homme-embroidered-tee-black.js
,Apéro Homme Embroidered Arch Tee - White / Multi,680000,https://www.aperolabel.com//products/apero-homme-embroidered-arch-tee-white-multi.js
,Vivienne Knit Jumper - Cream / Green / Pink / Brown,970000,https://www.aperolabel.com//products/vivienne-knit-jumper-cream-green-pink-brown.js
,Amalfi Knit Midi Dress - Sage Green Marle,970000,https://www.aperolabel.com//products/amalfi-knit-midi-dress-sage-green-marle.js
,Little Apéro Mylo Knit Jumper - Cream / Orange / Black / Olive,390000,https://www.aperolabel.com//products/little-apero-mylo-knit-jumper-cream-orange-black-olive.js
,Dora Zip Knit Top - Cream Marle,970000,https://www.aperolabel.com//products/dora-zip-knit-top-cream-marle.js
,Mylo Stripe Knit Jumper - Cream / Orange / Black / Olive,970000,https://www.aperolabel.com//products/mylo-stripe-knit-jumper-cream-orange-black-olive.js
,Quinn Long Sleeve Knit Top - Black Metallic,680000,https://www.aperolabel.com//products/quinn-long-sleeve-knit-top-black-metallic.js
,Santorini Swing Shorts - Beige,970000,https://www.aperolabel.com//products/santorini-swing-shorts-beige.js
,Lucia Linen Frill Top - Sage Green,680000,https://www.aperolabel.com//products/lucia-linen-frill-top-sage-green.js
,Isla Bow Front Crop Top - Multi,680000,https://www.aperolabel.com//products/isla-bow-front-crop-top-multi.js
,April Linen Swing Shorts - White / Beige,680000,https://www.aperolabel.com//products/april-linen-swing-shorts-white-beige.js
,Chiara Linen Babydoll Top - White / Beige,680000,https://www.aperolabel.com//products/chiara-linen-babydoll-top-white-beige.js
,Mylo Stripe Knit Jumper - Cream / Orange / Black / Olive,970000,https://www.aperolabel.com//products/mylo-stripe-knit-jumper-cream-orange-black-olive.js
,Lily Linen Mini Dress - Sage / Orange,680000,https://www.aperolabel.com//products/lily-linen-mini-dress-sage-orange.js
,Little Apéro Mylo Knit Jumper - Cream / Orange / Black / Olive,390000,https://www.aperolabel.com//products/little-apero-mylo-knit-jumper-cream-orange-black-olive.js
,Little Apéro Panel Embroidered Jumper - Forest Green / Cream,390000,https://www.aperolabel.com//products/little-apero-panel-embroidered-jumper-forest-green-cream.js
,Rue Embroidered Jumper - Berry / Off-White,970000,https://www.aperolabel.com//products/rue-embroidered-jumper-berry-off-white.js
,Wilderness Printed Tee - Black,680000,https://www.aperolabel.com//products/wilderness-printed-tee-black.js
,Savannah Stripe Embroidered Oversized Tee - Black / White,1540000,https://www.aperolabel.com//products/savannah-stripe-embroidered-oversized-tee-black-white.js
,Monti Panel Embroidered Jumper - Navy / Pink,2310000,https://www.aperolabel.com//products/monti-panel-embroidered-jumper-navy-pink.js
,Essential Embroidered Panel Tee - Navy / White,1540000,https://www.aperolabel.com//products/essential-embroidered-panel-tee-navy-white.js
,Classic Embroidered Panel Tee - Khaki / Cream,1540000,https://www.aperolabel.com//products/classic-embroidered-panel-tee-khaki-cream.js
,Mylo Stripe Knit Jumper - Cream / Orange / Black / Olive,970000,https://www.aperolabel.com//products/mylo-stripe-knit-jumper-cream-orange-black-olive.js
,Monti Panel Embroidered Jumper - Navy / Pink,2310000,https://www.aperolabel.com//products/monti-panel-embroidered-jumper-navy-pink.js
,Made with Love Embroidered Oversized Jumper - Green / White,970000,https://www.aperolabel.com//products/made-with-love-embroidered-oversized-jumper-green-white.js
,Splice Panel Embroidered Jumper - Black / Beige,2500000,https://www.aperolabel.com//products/splice-panel-embroidered-jumper-black-beige.js
,Vivienne Knit Jumper - Cream / Green / Pink / Brown,970000,https://www.aperolabel.com//products/vivienne-knit-jumper-cream-green-pink-brown.js
,Lustre Embroidered Panel Jumper - Cream / Ombre Multi,2310000,https://www.aperolabel.com//products/lustre-embroidered-jumper-cream-ombre-multi.js
,Panel Embroidered Jumper - Desert Rose / Champagne,2500000,https://www.aperolabel.com//products/panel-embroidered-jumper-desert-rose-champagne.js
,Jorg Ribbed Knit Swing Dress - Sage Green,970000,https://www.aperolabel.com//products/jorg-ribbed-knit-swing-dress-sage-green.js
,Jayci Ribbed Frill Top - White,680000,https://www.aperolabel.com//products/jayci-ribbed-frill-top-white.js
,Blake Leather Look Wrap Mini Skirt  - Mocha,970000,https://www.aperolabel.com//products/blake-leather-look-wrap-mini-skirt-mocha.js
,Demi Linen Frill Babydoll Top - Black / Tan,680000,https://www.aperolabel.com//products/demi-linen-frill-babydoll-top-black-tan.js
,Lulu Knit Tie-Up Babydoll Top - Black / Beige,680000,https://www.aperolabel.com//products/lulu-knit-tie-up-babydoll-top-black-beige.js
,Jayci Ribbed Knit Frill Top - Fuchsia Pink,680000,https://www.aperolabel.com//products/jayci-ribbed-knit-frill-top-fuchsia-pink.js
,Ashton Ribbed Frill Top - Sky Blue,680000,https://www.aperolabel.com//products/ashton-ribbed-frill-top-sky-blue.js
,Quinn Long Sleeve Knit Top - Black Metallic,680000,https://www.aperolabel.com//products/quinn-long-sleeve-knit-top-black-metallic.js
,Riviera Panel Embroidered Stripe Tee - Pink / White / Red,1540000,https://www.aperolabel.com//products/riviera-panel-embroidered-stripe-tee-pink-white-red.js
,Essential Panel Embroidered Tee  - White / Multi,1540000,https://www.aperolabel.com//products/essential-panel-embroidered-tee-white-multi.js
,Wilderness Printed Tee - Black,680000,https://www.aperolabel.com//products/wilderness-printed-tee-black.js
,Mère Oversized Tee - Black,1350000,https://www.aperolabel.com//products/mere-oversized-tee-black.js
,Santorini Babydoll Top - Beige,970000,https://www.aperolabel.com//products/santorini-babydoll-top-beige.js
,Savannah Stripe Embroidered Oversized Tee - Black / White,1540000,https://www.aperolabel.com//products/savannah-stripe-embroidered-oversized-tee-black-white.js
,Sorrento Babydoll Mini Dress - Sky Blue,970000,https://www.aperolabel.com//products/sorrento-babydoll-mini-dress-sky-blue.js
,Splice Embroidered Longline Tee - Black / White,1930000,https://www.aperolabel.com//products/splice-embroidered-longline-tee-black-white.js
,Splice Panel Embroidered Jumper - Black / Beige,2500000,https://www.aperolabel.com//products/splice-panel-embroidered-jumper-black-beige.js
,Dora Zip Knit Top - Cream Marle,970000,https://www.aperolabel.com//products/dora-zip-knit-top-cream-marle.js
,Amalfi Knit Midi Dress - Sage Green Marle,970000,https://www.aperolabel.com//products/amalfi-knit-midi-dress-sage-green-marle.js
,Mère Oversized Tee - White,1350000,https://www.aperolabel.com//products/mere-oversized-tee-white.js
,Amalfi Babydoll Midi Dress - Black,3850000,https://www.aperolabel.com//products/amalfi-babydoll-midi-dress-black.js
,Amalfi Babydoll Midi Dress - White,3850000,https://www.aperolabel.com//products/amalfi-babydoll-midi-dress-white.js
,Santorini Swing Shorts - Washed Black,970000,https://www.aperolabel.com//products/santorini-swing-shorts-washed-black.js
,April Linen Swing Shorts - Black / Tan,680000,https://www.aperolabel.com//products/april-linen-swing-shorts-black-tan.js
,April Linen Swing Shorts - White / Beige,680000,https://www.aperolabel.com//products/april-linen-swing-shorts-white-beige.js
,Lily Linen Frill Skirt - Sage / Orange,680000,https://www.aperolabel.com//products/lily-linen-frill-skirt-sage-orange.js
,Santorini Swing Shorts - Beige,970000,https://www.aperolabel.com//products/santorini-swing-shorts-beige.js
,Essential Embroidered Panel Tee - White / Black,1540000,https://www.aperolabel.com//products/essential-embroidered-panel-tee-white-black.js
,Mère Oversized Tee - Black,1350000,https://www.aperolabel.com//products/mere-oversized-tee-black.js
,Savannah Stripe Embroidered Oversized Tee - Black / White,1540000,https://www.aperolabel.com//products/savannah-stripe-embroidered-oversized-tee-black-white.js
,Jorg Ribbed Knit Swing Dress - Sage Green,970000,https://www.aperolabel.com//products/jorg-ribbed-knit-swing-dress-sage-green.js
,Lily Linen Mini Dress - Sage / Orange,680000,https://www.aperolabel.com//products/lily-linen-mini-dress-sage-orange.js
,Capri Babydoll Dress - White,970000,https://www.aperolabel.com//products/capri-babydoll-dress-white.js
,Riviera Panel Embroidered Stripe Tee - Pink / White / Red,1540000,https://www.aperolabel.com//products/riviera-panel-embroidered-stripe-tee-pink-white-red.js
,Alexa Linen Babydoll Dress - Mulberry Rose,970000,https://www.aperolabel.com//products/alexa-linen-babydoll-dress-mulberry-rose.js
,Essential Panel Embroidered Tee  - White / Multi,1540000,https://www.aperolabel.com//products/essential-panel-embroidered-tee-white-multi.js
,Essential Embroidered Panel Tee - White / Black,1540000,https://www.aperolabel.com//products/essential-embroidered-panel-tee-white-black.js
,Savannah Stripe Embroidered Oversized Tee - Black / White,1540000,https://www.aperolabel.com//products/savannah-stripe-embroidered-oversized-tee-black-white.js
,Mère Oversized Tee - Black,1350000,https://www.aperolabel.com//products/mere-oversized-tee-black.js
,Amalfi Babydoll Midi Dress - White,3850000,https://www.aperolabel.com//products/amalfi-babydoll-midi-dress-white.js
,Lucia Linen Frill Top - Sage Green,680000,https://www.aperolabel.com//products/lucia-linen-frill-top-sage-green.js
,Sorrento Babydoll Mini Dress - Sky Blue,970000,https://www.aperolabel.com//products/sorrento-babydoll-mini-dress-sky-blue.js
,Capri Babydoll Dress - White,970000,https://www.aperolabel.com//products/capri-babydoll-dress-white.js
,Amalfi Babydoll Midi Dress - Black,3850000,https://www.aperolabel.com//products/amalfi-babydoll-midi-dress-black.js
,Elke Frill Babydoll Dress - Cream,970000,https://www.aperolabel.com//products/elke-frill-babydoll-dress-cream.js
,Rosa Linen Babydoll Dress - White,970000,https://www.aperolabel.com//products/rosa-linen-babydoll-dress-white.js
,Dahlia Babydoll Maxi Dress - White / Yellow Floral,970000,https://www.aperolabel.com//products/dahlia-babydoll-maxi-dress-white-yellow-floral.js
,Mère Oversized Tee - White,1350000,https://www.aperolabel.com//products/mere-oversized-tee-white.js
,Splice Embroidered Longline Tee - Black / White,1930000,https://www.aperolabel.com//products/splice-embroidered-longline-tee-black-white.js
,Splice Panel Embroidered Jumper - Black / Beige,2500000,https://www.aperolabel.com//products/splice-panel-embroidered-jumper-black-beige.js
,Frankie Leather Look Midi Dress  - Black,970000,https://www.aperolabel.com//products/frankie-leather-look-midi-dress-black.js
,Amalfi Knit Midi Dress - Sage Green Marle,970000,https://www.aperolabel.com//products/amalfi-knit-midi-dress-sage-green-marle.js
,Amalfi Babydoll Midi Dress - Black,3850000,https://www.aperolabel.com//products/amalfi-babydoll-midi-dress-black.js
,Amalfi Babydoll Midi Dress - White,3850000,https://www.aperolabel.com//products/amalfi-babydoll-midi-dress-white.js
,Label Embroidered Panel Tee - Charcoal / Black,1540000,https://www.aperolabel.com//products/label-embroidered-panel-tee-charcoal-black.js
,Blake Leather Look Wrap Mini Skirt  - Mocha,970000,https://www.aperolabel.com//products/blake-leather-look-wrap-mini-skirt-mocha.js
,Bella Leather Look Trouser - Black,970000,https://www.aperolabel.com//products/bella-leather-look-trouser-black.js
,Classic Embroidered Panel Tee - Khaki / Cream,1540000,https://www.aperolabel.com//products/classic-embroidered-panel-tee-khaki-cream.js
,Billie Leather Look Tailored Short - Black,680000,https://www.aperolabel.com//products/billie-leather-look-tailored-short-black.js
,Essential Embroidered Panel Tee - Navy / White,1540000,https://www.aperolabel.com//products/essential-embroidered-panel-tee-navy-white.js
,Martha Textured Wide Leg Pants- Black,1930000,https://www.aperolabel.com//products/martha-textured-wide-leg-pants-black.js
,Splice Embroidered Longline Tee - Black / White,1930000,https://www.aperolabel.com//products/splice-embroidered-longline-tee-black-white.js
,Ivy Ribbed Wide Leg Pants - Emerald,1930000,https://www.aperolabel.com//products/ivy-ribbed-wide-leg-pants-emerald.js
,Classic Embroidered Panel Tee - Khaki / Cream,1540000,https://www.aperolabel.com//products/classic-embroidered-panel-tee-khaki-cream.js
,Label Embroidered Panel Tee - Charcoal / Black,1540000,https://www.aperolabel.com//products/label-embroidered-panel-tee-charcoal-black.js
,Mère Oversized Tee - White,1350000,https://www.aperolabel.com//products/mere-oversized-tee-white.js
,Dual Panel Embroidered Tee - White / Tan / Pink,1730000,https://www.aperolabel.com//products/dual-panel-embroidered-tee-white-tan-pink.js
,Essential Embroidered Panel Tee - Navy / White,1540000,https://www.aperolabel.com//products/essential-embroidered-panel-tee-navy-white.js
,Essential Embroidered Panel Tee - White / Black,1540000,https://www.aperolabel.com//products/essential-embroidered-panel-tee-white-black.js
,Mère Oversized Stripe Tee - Green / Pink,1350000,https://www.aperolabel.com//products/mere-oversized-stripe-tee-green-pink.js
,Ivy Wrap Ribbed Knit Tee - Emerald,1730000,https://www.aperolabel.com//products/ivy-wrap-ribbed-knit-tee-emerald.js
,Diamond V-Neck Tee - Charcoal,1250000,https://www.aperolabel.com//products/diamond-v-neck-tee-charcoal.js
,Lustre Embroidered Panel Jumper - Cream / Ombre Multi,2310000,https://www.aperolabel.com//products/lustre-embroidered-jumper-cream-ombre-multi.js
,Rosa Linen Babydoll Dress - White,970000,https://www.aperolabel.com//products/rosa-linen-babydoll-dress-white.js
,Mère Oversized Stripe Tee - Charcoal / White,1350000,https://www.aperolabel.com//products/mere-oversized-stripe-tee-charcoal-white.js
,Oblique Embroidered Cropped Wrap Tee - Charcoal / Beige,1540000,https://www.aperolabel.com//products/oblique-embroidered-cropped-wrap-tee-charcoal-beige.js
,Essential Embroidered Panel Tee - Navy / White,1540000,https://www.aperolabel.com//products/essential-embroidered-panel-tee-navy-white.js
,Classic Embroidered Panel Tee - Khaki / Cream,1540000,https://www.aperolabel.com//products/classic-embroidered-panel-tee-khaki-cream.js
,Label Embroidered Panel Tee - Charcoal / Black,1540000,https://www.aperolabel.com//products/label-embroidered-panel-tee-charcoal-black.js
,Panel Embroidered Jumper - Desert Rose / Champagne,2500000,https://www.aperolabel.com//products/panel-embroidered-jumper-desert-rose-champagne.js
,Martha Textured Button-Down Shirt - Black,2120000,https://www.aperolabel.com//products/martha-textured-button-down-shirt-black.js
,Dual Panel Embroidered Tee - White / Tan / Pink,1730000,https://www.aperolabel.com//products/dual-panel-embroidered-tee-white-tan-pink.js
,Diamond V-Neck Tee - Charcoal,1250000,https://www.aperolabel.com//products/diamond-v-neck-tee-charcoal.js
,Ivy Wrap Ribbed Knit Tee - Emerald,1730000,https://www.aperolabel.com//products/ivy-wrap-ribbed-knit-tee-emerald.js
,Mère Oversized Stripe Tee - Green / Pink,1350000,https://www.aperolabel.com//products/mere-oversized-stripe-tee-green-pink.js
,Mère Oversized Stripe Tee - Charcoal / White,1350000,https://www.aperolabel.com//products/mere-oversized-stripe-tee-charcoal-white.js
,Oblique Embroidered Cropped Wrap Tee - Charcoal / Beige,1540000,https://www.aperolabel.com//products/oblique-embroidered-cropped-wrap-tee-charcoal-beige.js
,Dora Zip Knit Top - Cream Marle,970000,https://www.aperolabel.com//products/dora-zip-knit-top-cream-marle.js
,Billie Leather Look Tailored Short - Black,680000,https://www.aperolabel.com//products/billie-leather-look-tailored-short-black.js
,Frankie Leather Look Midi Dress  - Black,970000,https://www.aperolabel.com//products/frankie-leather-look-midi-dress-black.js
,Monti Panel Embroidered Jumper - Navy / Pink,2310000,https://www.aperolabel.com//products/monti-panel-embroidered-jumper-navy-pink.js
,Little Apéro Arch Embroidered Jumper - Navy / Pink,390000,https://www.aperolabel.com//products/little-apero-arch-embroidered-jumper-navy-pink.js
,Little Apéro Astra Knit Jumper - Off-White / Black / Tan,390000,https://www.aperolabel.com//products/little-apero-astra-knit-jumper-white-black-tan.js
,Penelope Tweed Blazer - Black / White,970000,https://www.aperolabel.com//products/penelope-tweed-blazer-black-white.js
,April Linen Swing Shorts - Black / Tan,680000,https://www.aperolabel.com//products/april-linen-swing-shorts-black-tan.js
,Martha Textured Wide Leg Pants- Black,1930000,https://www.aperolabel.com//products/martha-textured-wide-leg-pants-black.js
,Ivy Wrap Ribbed Knit Tee - Emerald,1730000,https://www.aperolabel.com//products/ivy-wrap-ribbed-knit-tee-emerald.js
,Demi Linen Frill Babydoll Top - Black / Tan,680000,https://www.aperolabel.com//products/demi-linen-frill-babydoll-top-black-tan.js
,Santorini Babydoll Top - Beige,970000,https://www.aperolabel.com//products/santorini-babydoll-top-beige.js
,Lulu Knit Tie-Up Babydoll Top - Black / Beige,680000,https://www.aperolabel.com//products/lulu-knit-tie-up-babydoll-top-black-beige.js
,Ivy Ribbed Wide Leg Pants - Emerald,1930000,https://www.aperolabel.com//products/ivy-ribbed-wide-leg-pants-emerald.js
,Santorini Swing Shorts - Washed Black,970000,https://www.aperolabel.com//products/santorini-swing-shorts-washed-black.js
,Martha Textured Button-Down Shirt - Black,2120000,https://www.aperolabel.com//products/martha-textured-button-down-shirt-black.js
,Little Apéro Astra Knit Jumper - Off-White / Black / Tan,390000,https://www.aperolabel.com//products/little-apero-astra-knit-jumper-white-black-tan.js
,Ashton Ribbed Frill Top - Sky Blue,680000,https://www.aperolabel.com//products/ashton-ribbed-frill-top-sky-blue.js
,Chiara Linen Babydoll Top - White / Beige,680000,https://www.aperolabel.com//products/chiara-linen-babydoll-top-white-beige.js
,Dora Zip Knit Top - Cream Marle,970000,https://www.aperolabel.com//products/dora-zip-knit-top-cream-marle.js
,Martha Textured Button-Down Shirt - Black,2120000,https://www.aperolabel.com//products/martha-textured-button-down-shirt-black.js
,Lulu Knit Tie-Up Babydoll Top - Black / Beige,680000,https://www.aperolabel.com//products/lulu-knit-tie-up-babydoll-top-black-beige.js
,Santorini Babydoll Top - Beige,970000,https://www.aperolabel.com//products/santorini-babydoll-top-beige.js
,Quinn Long Sleeve Knit Top - Black Metallic,680000,https://www.aperolabel.com//products/quinn-long-sleeve-knit-top-black-metallic.js
,Isla Bow Front Crop Top - Multi,680000,https://www.aperolabel.com//products/isla-bow-front-crop-top-multi.js
,Jayci Ribbed Frill Top - White,680000,https://www.aperolabel.com//products/jayci-ribbed-frill-top-white.js
,Lucia Linen Frill Top - Sage Green,680000,https://www.aperolabel.com//products/lucia-linen-frill-top-sage-green.js
,Demi Linen Frill Babydoll Top - Black / Tan,680000,https://www.aperolabel.com//products/demi-linen-frill-babydoll-top-black-tan.js
,Jayci Ribbed Knit Frill Top - Fuchsia Pink,680000,https://www.aperolabel.com//products/jayci-ribbed-knit-frill-top-fuchsia-pink.js
